-- phpMyAdmin SQL Dump
-- version 5.1.1
-- https://www.phpmyadmin.net/
--
-- Host: 127.0.0.1
-- Generation Time: Jul 25, 2024 at 07:22 PM
-- Server version: 10.4.21-MariaDB
-- PHP Version: 8.0.12

SET SQL_MODE = "NO_AUTO_VALUE_ON_ZERO";
START TRANSACTION;
SET time_zone = "+00:00";


/*!40101 SET @OLD_CHARACTER_SET_CLIENT=@@CHARACTER_SET_CLIENT */;
/*!40101 SET @OLD_CHARACTER_SET_RESULTS=@@CHARACTER_SET_RESULTS */;
/*!40101 SET @OLD_COLLATION_CONNECTION=@@COLLATION_CONNECTION */;
/*!40101 SET NAMES utf8mb4 */;

--
-- Database: `stunting`
--

-- --------------------------------------------------------

--
-- Table structure for table `anak`
--

CREATE TABLE `anak` (
  `id` bigint(20) UNSIGNED NOT NULL,
  `nama_anak` varchar(255) COLLATE utf8mb4_unicode_ci NOT NULL,
  `tanggal_lahir` date NOT NULL,
  `tempat_lahir` varchar(255) COLLATE utf8mb4_unicode_ci NOT NULL,
  `jenis_kelamin` varchar(255) COLLATE utf8mb4_unicode_ci NOT NULL,
  `kecamatan` varchar(255) COLLATE utf8mb4_unicode_ci NOT NULL,
  `detail_alamat` varchar(255) COLLATE utf8mb4_unicode_ci NOT NULL,
  `created_at` timestamp NULL DEFAULT NULL,
  `updated_at` timestamp NULL DEFAULT NULL,
  `nik` char(16) COLLATE utf8mb4_unicode_ci NOT NULL
) ENGINE=InnoDB DEFAULT CHARSET=utf8mb4 COLLATE=utf8mb4_unicode_ci;

--
-- Dumping data for table `anak`
--

INSERT INTO `anak` (`id`, `nama_anak`, `tanggal_lahir`, `tempat_lahir`, `jenis_kelamin`, `kecamatan`, `detail_alamat`, `created_at`, `updated_at`, `nik`) VALUES
(1177, 'Aldo Riyanto', '2023-06-30', 'Klaten', 'Laki-Laki', 'Klaten Utara', 'Gergunung', '2024-06-30 07:36:56', '2024-06-30 07:36:56', '3310012501780001'),
(1178, 'Bagas Aditya', '2022-09-20', 'Klaten', 'Laki-Laki', 'Klaten Tengah', 'Bareng Lor', '2024-06-30 07:36:56', '2024-06-30 07:36:56', '3310025601780002'),
(1179, 'Citra Ayu', '2023-04-15', 'Klaten', 'Perempuan', 'Klaten Selatan', 'Gayamprit', '2024-06-30 07:36:56', '2024-06-30 07:36:56', '3310034601780003'),
(1180, 'Dewi Sartika', '2024-03-10', 'Klaten', 'Perempuan', 'Ceper', 'Ngawonggo', '2024-06-30 07:36:56', '2024-06-30 07:36:56', '3310043501780004'),
(1181, 'Eka Prasetya', '2023-02-05', 'Klaten', 'Laki-Laki', 'Cawas', 'Tegalrejo', '2024-06-30 07:36:56', '2024-06-30 07:36:56', '3310052401780005'),
(1182, 'Fajar Nur', '2022-12-01', 'Klaten', 'Laki-Laki', 'Karangnongko', 'Karangjati', '2024-06-30 07:36:56', '2024-06-30 07:36:56', '3310061301780006'),
(1184, 'Hana Marissa', '2023-11-23', 'Klaten', 'Perempuan', 'Ceper', 'Bawak', '2024-06-30 07:36:56', '2024-06-30 07:36:56', '3310089101780008'),
(1185, 'Indah Pertiwi', '2022-10-18', 'Klaten', 'Perempuan', 'Juwiring', 'Tegalmulyo', '2024-06-30 07:36:56', '2024-06-30 07:36:56', '3310098001780009'),
(1186, 'Joko Widodo', '2023-09-13', 'Klaten', 'Laki-Laki', 'Cawas', 'Gedongan', '2024-06-30 07:36:56', '2024-06-30 07:36:56', '3310010691780010'),
(1187, 'Kevin Ardianto', '2022-08-08', 'Klaten', 'Laki-Laki', 'Ceper', 'Bendogantungan', '2024-06-30 07:36:56', '2024-06-30 07:36:56', '3310011581780011'),
(1188, 'Lia Amalia', '2022-07-04', 'Klaten', 'Perempuan', 'Ceper', 'Tangkisan', '2024-06-30 07:36:56', '2024-06-30 07:36:56', '3310012471780012'),
(1189, 'Mila Jasmine', '2023-06-01', 'Klaten', 'Perempuan', 'Wedi', 'Palar', '2024-06-30 07:36:56', '2024-06-30 07:36:56', '3310013361780013'),
(1190, 'Nando Reza', '2023-05-27', 'Klaten', 'Laki-Laki', 'Kemalang', 'Tambakboyo', '2024-06-30 07:36:56', '2024-06-30 07:36:56', '3310014251780014'),
(1191, 'Olivia Sanjaya', '2024-04-22', 'Klaten', 'Perempuan', 'Bayat', 'Dadapan', '2024-06-30 07:36:56', '2024-06-30 07:36:56', '3310015141780015'),
(1192, 'Rafi Ahmad', '2024-03-18', 'Klaten', 'Laki-Laki', 'Pedan', 'Ngemplak', '2024-06-30 07:36:56', '2024-06-30 07:36:56', '3310016921780017'),
(1193, 'Sari Nirmala', '2023-02-12', 'Klaten', 'Perempuan', 'Wonosari', 'Tegalyoso', '2024-06-30 07:36:56', '2024-06-30 07:36:56', '3310017811780018'),
(1194, 'Tio Bagaskara', '2023-01-07', 'Klaten', 'Laki-Laki', 'Tulung', 'Poleng', '2024-06-30 07:36:56', '2024-06-30 07:36:56', '3310018701780019'),
(1196, 'Vino Bastian', '2023-10-29', 'Klaten', 'Laki-Laki', 'Polanharjo', 'Randusari', '2024-06-30 07:36:56', '2024-06-30 07:36:56', '3310020581780021'),
(1197, 'Wulan Mayasari', '2023-09-24', 'Klaten', 'Perempuan', 'Delanggu', 'Sawahan', '2024-06-30 07:36:56', '2024-06-30 07:36:56', '3310021471780022'),
(1198, 'Xavier Hernando', '2023-08-20', 'Klaten', 'Laki-Laki', 'Gantiwarno', 'Watukosek', '2024-06-30 07:36:56', '2024-06-30 07:36:56', '3310022361780023'),
(1200, 'Zahra Nabila', '2023-06-12', 'Klaten', 'Perempuan', 'Kalikotes', 'Tegalmulyo', '2024-06-30 07:36:56', '2024-06-30 07:36:56', '3310024141780025'),
(1201, 'Alya Putri', '2022-06-30', 'Klaten', 'Perempuan', 'Karanganom', 'Ngrendeng', '2024-06-30 07:36:56', '2024-06-30 07:36:56', '3310025031780026'),
(1203, 'Cindy Aurora', '2023-06-20', 'Klaten', 'Perempuan', 'Manisrenggo', 'Wironanggan', '2024-06-30 07:36:56', '2024-06-30 07:36:56', '3310026811780028'),
(1205, 'Elsa Nabila', '2023-06-10', 'Klaten', 'Perempuan', 'Trucuk', 'Jimbung', '2024-06-30 07:36:56', '2024-06-30 07:36:56', '3310028691780030'),
(1206, 'Fahri Hamzah', '2023-06-05', 'Klaten', 'Laki-Laki', 'Ngawen', 'Banyuripan', '2024-06-30 07:36:56', '2024-06-30 09:28:24', '3310029581780031'),
(1207, 'Gita Savitri', '2023-05-31', 'Klaten', 'Perempuan', 'Karangdowo', 'Karangturi', '2024-06-30 07:36:56', '2024-06-30 09:26:44', '3310030471780032'),
(1210, 'Jasmine Salsabila', '2023-05-16', 'Klaten', 'Perempuan', 'Prambanan', 'Krakitan', '2024-06-30 07:36:56', '2024-06-30 07:36:56', '3310033141780035'),
(1214, 'Sasa', '2024-01-01', 'Klaten', 'Perempuan', 'Klaten Utara', 'aaa', '2024-07-02 22:43:21', '2024-07-02 22:43:21', '3310060311220010'),
(1215, 'Sasaa', '2024-01-01', 'Klaten', 'Laki-Laki', 'Manisrenggo', 'abc', '2024-07-02 22:43:48', '2024-07-02 22:43:48', '3310060311220012'),
(1216, 'Jasmine', '2023-09-16', 'Klaten', 'Perempuan', 'Klaten Utara', 'Krakitan', '2024-07-07 08:43:35', '2024-07-07 08:43:35', '3310033141780040'),
(1247, 'HAFIZHAN AL LATHIF P', '2023-12-18', 'Klaten', 'Laki-Laki', 'Trucuk', 'SABRANGLOR', '2024-07-07 13:43:45', '2024-07-07 13:43:45', '3310061812230001'),
(1248, 'RINDU SETIYOWATI', '2023-12-13', 'Klaten', 'Perempuan', 'Trucuk', 'KRADENAN', '2024-07-07 13:43:45', '2024-07-07 13:43:45', '3310124468700003'),
(1249, 'ANEZKA DESWITA PUTRI', '2023-12-03', 'Klaten', 'Perempuan', 'Delanggu', 'SUKORAME', '2024-07-07 13:43:45', '2024-07-07 13:43:45', '3310164312230000'),
(1250, 'RASYA MUHAMMAD NIZAM', '2023-11-12', 'Klaten', 'Laki-Laki', 'Ceper', 'KURUNG LOR', '2024-07-07 13:43:45', '2024-07-07 13:43:45', '3310111211230002'),
(1251, 'MOH ABDUL QODIR', '2023-02-13', 'Klaten', 'Laki-Laki', 'Kebonarum', 'MENDEN', '2024-07-07 13:43:45', '2024-07-07 13:43:45', '3310801302238409'),
(1252, 'AHZA MAHENDRA MUSTOFA', '2022-11-11', 'Klaten', 'Laki-Laki', 'Kalikotes', 'MARANGAN', '2024-07-07 13:43:45', '2024-07-07 13:43:45', '3310231111220001'),
(1253, 'KRISNA AJI PRADANA', '2023-08-12', 'Klaten', 'Laki-Laki', 'Jogonalan', 'PUCUNG', '2024-07-07 13:43:45', '2024-07-07 13:43:45', '3310081208230001'),
(1254, 'DENADA AIZHA MISHA', '2023-07-02', 'Klaten', 'Perempuan', 'Gantiwarno', 'BRANJANGAN', '2024-07-07 13:43:45', '2024-07-07 13:43:45', '3310020207230003'),
(1255, 'RIZKY SYAHRIL RAMADAN', '2023-04-09', 'Klaten', 'Laki-Laki', 'Polanharjo', 'MARGOREJO', '2024-07-07 13:43:45', '2024-07-07 13:43:45', '3310170904230002'),
(1256, 'SHAQUEENA ADIBA RAMADHANI', '2023-04-14', 'Klaten', 'Perempuan', 'Ceper', 'PUTATAN', '2024-07-07 13:43:45', '2024-07-07 13:43:45', '3310115404230001'),
(1257, 'HAMMAS HAFIZUL AZMI', '2022-11-25', 'Klaten', 'Laki-Laki', 'Karangnongko', 'BALEARJO', '2024-07-07 13:43:45', '2024-07-07 13:43:45', '331010251122000'),
(1258, 'YAYANG HANDIKA', '2022-11-03', 'Klaten', 'Laki-Laki', 'Trucuk', 'NGRENGGODADI', '2024-07-07 13:43:45', '2024-07-07 13:43:45', '3310060311220001'),
(1259, 'ALLIF MUHAMMAD FATHUR', '2022-12-13', 'Klaten', 'Laki-Laki', 'Polanharjo', 'GLAGAHKIDUL', '2024-07-07 13:43:45', '2024-07-07 13:43:45', '331017131222000'),
(1260, 'BRIANA PUTRI R', '2022-11-16', 'Klaten', 'Perempuan', 'Cawas', 'GADINGAN', '2024-07-07 13:43:45', '2024-07-07 13:43:45', '3310055611220001'),
(1261, 'NAFESSHA ANINDITA', '2022-10-20', 'Klaten', 'Laki-Laki', 'Cawas', 'JETAKAN', '2024-07-07 13:43:45', '2024-07-07 13:43:45', '3310057010220001'),
(1262, 'ANTARES RAMA ALKHASAN', '2022-11-04', 'Klaten', 'Laki-Laki', 'Cawas', 'GLAYAN', '2024-07-07 13:43:45', '2024-07-07 13:43:45', '3310050411220001'),
(1263, 'NAURA SEPTIANI', '2022-09-19', 'Klaten', 'Perempuan', 'Cawas', 'NAMENGAN', '2024-07-07 13:43:45', '2024-07-07 13:43:45', '331005909220001'),
(1264, 'JIONATHAN PUTRA WARSONO', '2023-04-17', 'Klaten', 'Laki-Laki', 'Ceper', 'KLEGEN', '2024-07-07 13:43:45', '2024-07-07 13:43:45', '3310111704230001'),
(1265, 'AZZAHRA SARAH AGUSTIN', '2022-08-30', 'Klaten', 'Perempuan', 'Gantiwarno', 'JETAK', '2024-07-07 13:43:45', '2024-07-07 13:43:45', '3310027008220001'),
(1266, 'ALBARA KALIF DEVANDRA', '2023-08-31', 'Klaten', 'Laki-Laki', 'Pedan', 'DUKUH', '2024-07-07 13:43:45', '2024-07-07 13:43:45', '3310123108230001'),
(1267, 'ZAIFA FATHIYA ABIDAH', '2022-11-24', 'Klaten', 'Perempuan', 'Pedan', 'DEWAN', '2024-07-07 13:43:45', '2024-07-07 13:43:45', '3310126411220001'),
(1268, 'ARKHA SETIYAWAN', '2022-06-03', 'Klaten', 'Laki-Laki', 'Kebonarum', 'GONDANG', '2024-07-07 13:43:45', '2024-07-07 13:43:45', '3310070306220002'),
(1269, 'ALENNA MESHWA ALBIRU', '2022-05-19', 'Klaten', 'Perempuan', 'Cawas', 'SEWAN', '2024-07-07 13:43:45', '2024-07-07 13:43:45', '3310055905220002'),
(1270, 'RAKA ADITYA ARHAN', '2022-05-17', 'Klaten', 'Laki-Laki', 'Jatinom', 'SOCOWETAN', '2024-07-07 13:43:45', '2024-07-07 13:43:45', '3310201905220002'),
(1271, 'NADEVA NAURA AZKIA', '2022-07-22', 'Klaten', 'Perempuan', 'Karanganom', 'SUMBEREJO', '2024-07-07 13:43:45', '2024-07-07 13:43:45', '3310006207226738'),
(1272, 'KENZO ALDEFARO', '2021-04-04', 'Klaten', 'Laki-Laki', 'Kebonarum', 'SAMBENG', '2024-07-07 13:43:45', '2024-07-07 13:43:45', '3310070404210001'),
(1273, 'SILVIA IRVA AZALEA', '2021-10-10', 'Klaten', 'Perempuan', 'Delanggu', 'PACARAN', '2024-07-07 13:43:45', '2024-07-07 13:43:45', '3310165102100002'),
(1274, 'SELVIA KYARA ANJANI', '2021-06-07', 'Klaten', 'Perempuan', 'Kemalang', 'CANDIREJO', '2024-07-07 13:43:45', '2024-07-07 13:43:45', '3310214706210001'),
(1284, 'Joko', '2024-01-01', 'Klaten', 'Laki-Laki', 'Klaten Utara', 'Klaten', '2024-07-21 18:17:24', '2024-07-21 18:17:24', '3310060311220009'),
(1285, 'Adi', '2024-01-02', 'Klaten', 'Laki-Laki', 'Manisrenggo', 'Kalten', '2024-07-21 19:59:16', '2024-07-21 19:59:16', '3310060311220011');

-- --------------------------------------------------------

--
-- Table structure for table `migrations`
--

CREATE TABLE `migrations` (
  `id` int(10) UNSIGNED NOT NULL,
  `migration` varchar(255) COLLATE utf8mb4_unicode_ci NOT NULL,
  `batch` int(11) NOT NULL
) ENGINE=InnoDB DEFAULT CHARSET=utf8mb4 COLLATE=utf8mb4_unicode_ci;

--
-- Dumping data for table `migrations`
--

INSERT INTO `migrations` (`id`, `migration`, `batch`) VALUES
(1, '2014_10_12_000000_create_users_table', 1),
(2, '2014_10_12_100000_create_password_resets_table', 1),
(3, '2019_08_19_000000_create_failed_jobs_table', 1),
(4, '2019_12_14_000001_create_personal_access_tokens_table', 1),
(5, '2024_01_19_131018_create_table_admin', 1),
(6, '2024_01_23_122956_create_admin', 2),
(7, '2024_01_23_141916_create_admin', 3),
(8, '2024_01_23_142755_create_admin', 4),
(9, '2024_01_24_093916_create_anak', 5),
(10, '2024_01_24_095136_create_anak', 6),
(11, '2024_01_25_141642_create_anak', 7),
(12, '2024_02_24_160220_fix_umur_field_on_anak_table', 8),
(13, '2024_02_24_160633_fix_umur_field_on_anak_table', 8),
(14, '2024_02_24_162135_create_anak_table', 9),
(15, '2024_02_24_163759_create_anak_table', 10),
(16, '2024_02_25_050358_create_anak_table', 11),
(17, '2024_02_25_052526_create_anak_table', 12),
(18, '2024_02_25_052635_create_alamat_table', 13),
(19, '2024_02_25_072058_create_anak_table', 14),
(20, '2024_03_03_152057_create_anak_table', 15),
(21, '2024_03_03_153415_create_status_gizi_table', 16),
(22, '2024_03_03_164152_create_status_gizi_table', 17),
(23, '2024_03_03_174716_create_status_gizi_table', 18),
(24, '2024_03_04_060302_create_status_gizi_table', 19),
(25, '2024_03_06_120731_create_rule_table', 20),
(26, '2024_03_10_161705_create_status_gizi_table', 21),
(27, '2024_03_24_074921_create_rule_bb_u_table', 22),
(28, '2024_03_24_075101_create_tb_u_table', 23),
(29, '2024_03_24_075217_create_rule_tb_u_table', 24),
(30, '2024_03_24_155720_create_status_gizi_table', 25),
(31, '2024_04_25_062021_add_new_columns_to_status_gizi_table', 26),
(32, '2024_04_25_070913_create_rule_bb_pb_women', 27),
(33, '2024_04_25_071033_create_rule_bb_u_women_table', 28),
(34, '2024_04_25_071129_create_rule_tb_u_women_table', 29),
(35, '2024_06_10_043845_add_columns_to_status_gizi_table', 30),
(36, '2024_06_10_044556_drop_columns_from_status_gizi_table', 31),
(37, '2024_06_10_051033_add_determinant_factors_to_status_gizi_table', 32),
(38, '2024_06_27_114821_remove_nik_from_status_gizi_table', 33);

-- --------------------------------------------------------

--
-- Table structure for table `password_resets`
--

CREATE TABLE `password_resets` (
  `email` varchar(255) COLLATE utf8mb4_unicode_ci NOT NULL,
  `token` varchar(255) COLLATE utf8mb4_unicode_ci NOT NULL,
  `created_at` timestamp NULL DEFAULT NULL
) ENGINE=InnoDB DEFAULT CHARSET=utf8mb4 COLLATE=utf8mb4_unicode_ci;

-- --------------------------------------------------------

--
-- Table structure for table `personal_access_tokens`
--

CREATE TABLE `personal_access_tokens` (
  `id` bigint(20) UNSIGNED NOT NULL,
  `tokenable_type` varchar(255) COLLATE utf8mb4_unicode_ci NOT NULL,
  `tokenable_id` bigint(20) UNSIGNED NOT NULL,
  `name` varchar(255) COLLATE utf8mb4_unicode_ci NOT NULL,
  `token` varchar(64) COLLATE utf8mb4_unicode_ci NOT NULL,
  `abilities` text COLLATE utf8mb4_unicode_ci DEFAULT NULL,
  `last_used_at` timestamp NULL DEFAULT NULL,
  `expires_at` timestamp NULL DEFAULT NULL,
  `created_at` timestamp NULL DEFAULT NULL,
  `updated_at` timestamp NULL DEFAULT NULL
) ENGINE=InnoDB DEFAULT CHARSET=utf8mb4 COLLATE=utf8mb4_unicode_ci;

-- --------------------------------------------------------

--
-- Table structure for table `rule_bb_pb_men`
--

CREATE TABLE `rule_bb_pb_men` (
  `length_cm` double(8,2) NOT NULL,
  `minus_three_sd` double(8,2) NOT NULL,
  `minus_two_sd` double(8,2) NOT NULL,
  `minus_one_sd` double(8,2) NOT NULL,
  `median` double(8,2) NOT NULL,
  `plus_one_sd` double(8,2) NOT NULL,
  `plus_two_sd` double(8,2) NOT NULL,
  `plus_three_sd` double(8,2) NOT NULL
) ENGINE=InnoDB DEFAULT CHARSET=utf8mb4 COLLATE=utf8mb4_unicode_ci;

--
-- Dumping data for table `rule_bb_pb_men`
--

INSERT INTO `rule_bb_pb_men` (`length_cm`, `minus_three_sd`, `minus_two_sd`, `minus_one_sd`, `median`, `plus_one_sd`, `plus_two_sd`, `plus_three_sd`) VALUES
(45.00, 1.90, 2.00, 2.20, 2.40, 2.70, 3.00, 3.30),
(45.50, 1.90, 2.10, 2.30, 2.50, 2.80, 3.10, 3.40),
(46.00, 2.00, 2.20, 2.40, 2.60, 2.90, 3.10, 3.50),
(46.50, 2.10, 2.30, 2.50, 2.70, 3.00, 3.20, 3.60),
(47.00, 2.10, 2.30, 2.50, 2.80, 3.00, 3.30, 3.70),
(47.50, 2.20, 2.40, 2.60, 2.90, 3.10, 3.40, 3.80),
(48.00, 2.30, 2.50, 2.70, 2.90, 3.20, 3.60, 3.90),
(48.50, 2.30, 2.60, 2.80, 3.00, 3.30, 3.70, 4.00),
(49.00, 2.30, 2.60, 2.90, 3.10, 3.40, 3.80, 4.20),
(49.50, 2.50, 2.70, 3.00, 3.20, 3.50, 3.90, 4.30),
(50.00, 2.60, 2.80, 3.00, 3.30, 3.60, 4.00, 4.40),
(50.50, 2.70, 2.90, 3.10, 3.40, 3.80, 4.10, 4.50),
(51.00, 2.70, 3.00, 3.20, 3.50, 3.90, 4.20, 4.70),
(51.50, 2.80, 3.10, 3.30, 3.60, 4.00, 4.40, 4.80),
(52.00, 2.90, 3.20, 3.50, 3.80, 4.10, 4.50, 5.00),
(52.50, 3.00, 3.30, 3.60, 3.90, 4.20, 4.60, 5.10),
(53.00, 3.10, 3.40, 3.70, 4.00, 4.40, 4.80, 5.30),
(53.50, 3.20, 3.50, 3.80, 4.10, 4.50, 4.90, 5.40),
(54.00, 3.30, 3.60, 3.90, 4.30, 4.70, 5.10, 5.60),
(54.50, 3.40, 3.70, 4.00, 4.40, 4.80, 5.30, 5.80),
(55.00, 3.60, 3.80, 4.20, 4.50, 5.00, 5.40, 6.00),
(55.50, 3.70, 4.00, 4.30, 4.70, 5.10, 5.60, 6.10),
(56.00, 3.80, 4.10, 4.40, 4.80, 5.30, 5.80, 6.30),
(56.50, 3.90, 4.20, 4.60, 5.00, 5.40, 5.90, 6.50),
(57.00, 4.00, 4.30, 4.70, 5.10, 5.60, 6.10, 6.70),
(57.50, 4.10, 4.50, 4.90, 5.30, 5.70, 6.30, 6.90),
(58.00, 4.30, 4.60, 5.00, 5.40, 5.90, 6.40, 7.10),
(58.50, 4.40, 4.70, 5.10, 5.60, 6.10, 6.60, 7.20),
(59.00, 4.50, 4.80, 5.30, 5.70, 6.20, 6.80, 7.40),
(59.50, 4.60, 5.00, 5.40, 5.90, 6.40, 7.00, 7.60),
(60.00, 4.70, 5.10, 5.50, 6.00, 6.50, 7.10, 7.80),
(60.50, 4.80, 5.20, 5.60, 6.10, 6.70, 7.30, 8.00),
(61.00, 4.90, 5.30, 5.80, 6.30, 6.80, 7.40, 8.10),
(61.50, 5.00, 5.40, 5.90, 6.40, 7.00, 7.60, 8.30),
(62.00, 5.10, 5.60, 6.00, 6.50, 7.10, 7.70, 8.50),
(62.50, 5.20, 5.70, 6.10, 6.70, 7.20, 7.90, 8.60),
(63.00, 5.30, 5.80, 6.20, 6.80, 7.40, 8.00, 8.80),
(63.50, 5.40, 5.90, 6.40, 6.90, 7.50, 8.20, 8.90),
(64.00, 5.50, 6.00, 6.50, 7.00, 7.60, 8.30, 9.10),
(64.50, 5.60, 6.10, 6.60, 7.10, 7.80, 8.50, 9.30),
(65.00, 5.70, 6.20, 6.70, 7.30, 7.90, 8.60, 9.40),
(65.50, 5.80, 6.30, 6.80, 7.40, 8.00, 8.70, 9.60),
(66.00, 5.90, 6.40, 6.90, 7.50, 8.20, 8.90, 9.70),
(66.50, 6.00, 6.50, 7.00, 7.60, 8.30, 9.00, 9.90),
(67.00, 6.10, 6.60, 7.10, 7.70, 8.40, 9.20, 10.00),
(67.50, 6.20, 6.70, 7.20, 7.90, 8.50, 9.30, 10.20),
(68.00, 6.30, 6.80, 7.30, 8.00, 8.70, 9.40, 10.30),
(68.50, 6.40, 6.90, 7.50, 8.10, 8.80, 9.60, 10.50),
(69.00, 6.50, 7.00, 7.60, 8.20, 8.90, 9.70, 10.60),
(69.50, 6.60, 7.10, 7.70, 8.30, 9.00, 9.80, 10.80),
(70.00, 6.60, 7.20, 7.80, 8.40, 9.20, 10.00, 10.90),
(70.50, 6.70, 7.30, 7.90, 8.50, 9.30, 10.10, 11.10),
(71.00, 6.80, 7.40, 8.00, 8.60, 9.40, 10.20, 11.20),
(71.50, 6.90, 7.50, 8.10, 8.80, 9.50, 10.40, 11.30),
(72.00, 7.00, 7.60, 8.20, 8.90, 9.60, 10.50, 11.50),
(72.50, 7.10, 7.60, 8.30, 9.00, 9.80, 10.60, 11.60),
(73.00, 7.20, 7.70, 8.40, 9.10, 9.90, 10.80, 11.80),
(73.50, 7.20, 7.80, 8.50, 9.20, 10.00, 10.90, 11.90),
(74.00, 7.30, 7.90, 8.60, 9.30, 10.10, 11.00, 12.10),
(74.50, 7.40, 8.00, 8.70, 9.40, 10.20, 11.20, 12.20),
(75.00, 7.50, 8.10, 8.80, 9.50, 10.30, 11.30, 12.30),
(75.50, 7.60, 8.20, 8.80, 9.60, 10.40, 11.40, 12.50),
(76.00, 7.60, 8.30, 8.90, 9.70, 10.60, 11.50, 12.60),
(76.50, 7.70, 8.30, 9.00, 9.80, 10.70, 11.60, 12.70),
(77.00, 7.80, 8.40, 9.10, 9.90, 10.80, 11.70, 12.80),
(77.50, 7.90, 8.50, 9.20, 10.00, 10.90, 11.90, 13.00),
(78.00, 7.90, 8.60, 9.30, 10.10, 11.00, 12.00, 13.10),
(78.50, 8.00, 8.70, 9.40, 10.20, 11.10, 12.10, 13.20),
(79.00, 8.10, 8.70, 9.50, 10.30, 11.20, 12.20, 13.30),
(79.50, 8.20, 8.80, 9.50, 10.40, 11.30, 12.30, 13.40),
(80.00, 8.20, 8.90, 9.60, 10.40, 11.40, 12.40, 13.60),
(80.50, 8.30, 9.00, 9.70, 10.50, 11.50, 12.50, 13.70),
(81.00, 8.40, 9.10, 9.80, 10.60, 11.60, 12.60, 13.80),
(81.50, 8.50, 9.10, 9.90, 10.70, 11.70, 12.70, 13.90),
(82.00, 8.50, 9.20, 10.00, 10.80, 11.80, 12.80, 14.00),
(82.50, 8.60, 9.30, 10.10, 10.90, 11.90, 13.00, 14.20),
(83.00, 8.70, 9.40, 10.20, 11.00, 12.00, 13.10, 14.30),
(83.50, 8.80, 9.50, 10.30, 11.20, 12.10, 13.20, 14.40),
(84.00, 8.90, 9.60, 10.40, 11.30, 12.20, 13.30, 14.60),
(84.50, 9.00, 9.70, 10.50, 11.40, 12.40, 13.50, 14.70),
(85.00, 9.10, 9.80, 10.60, 11.50, 12.50, 13.60, 14.90),
(85.50, 9.20, 9.90, 8.30, 11.60, 12.60, 13.70, 15.00),
(86.00, 9.30, 10.00, 10.80, 11.70, 12.80, 13.90, 15.20),
(86.50, 9.40, 10.10, 11.00, 11.90, 12.90, 14.00, 15.30),
(87.00, 9.50, 10.20, 11.10, 12.00, 13.00, 14.20, 15.50),
(87.50, 9.60, 10.40, 11.20, 12.10, 13.20, 14.30, 15.60),
(88.00, 9.70, 10.50, 11.30, 12.20, 13.30, 14.50, 15.80),
(88.50, 9.80, 10.60, 11.40, 12.40, 13.40, 14.60, 15.90),
(89.00, 9.90, 10.70, 11.50, 12.50, 13.50, 14.70, 16.10),
(89.50, 10.00, 10.80, 11.60, 12.60, 13.70, 14.90, 16.20),
(90.00, 10.10, 10.90, 11.80, 12.70, 13.80, 15.00, 16.40),
(90.50, 10.20, 11.00, 11.90, 12.80, 13.90, 15.10, 16.50),
(91.00, 10.30, 11.10, 12.00, 13.00, 14.10, 15.30, 16.70),
(91.50, 10.40, 11.20, 12.10, 13.10, 14.20, 15.40, 16.80),
(92.00, 10.50, 11.30, 12.20, 13.20, 14.30, 15.60, 17.00),
(92.50, 10.60, 11.40, 12.30, 13.30, 14.40, 15.70, 17.10),
(93.00, 10.70, 11.50, 12.40, 13.40, 14.60, 15.80, 17.30),
(93.50, 10.70, 11.60, 12.50, 13.50, 14.70, 16.00, 17.40),
(94.00, 10.80, 11.70, 12.60, 13.70, 14.80, 16.10, 17.60),
(94.50, 10.90, 11.80, 12.70, 13.80, 14.90, 16.30, 17.70),
(95.00, 11.00, 11.90, 12.80, 13.90, 15.10, 16.40, 17.90),
(95.50, 11.10, 12.00, 12.90, 14.00, 15.20, 16.50, 18.00),
(96.00, 11.20, 12.10, 13.10, 14.10, 15.30, 16.70, 18.20),
(96.50, 11.30, 12.20, 13.20, 14.30, 15.50, 16.80, 18.40),
(97.00, 11.40, 12.30, 13.30, 14.40, 15.60, 17.00, 18.50),
(97.50, 11.50, 12.40, 13.40, 14.50, 15.70, 17.10, 18.70),
(98.00, 11.60, 12.50, 13.50, 14.60, 15.90, 17.30, 18.90),
(98.50, 11.70, 12.60, 13.60, 14.80, 16.00, 17.50, 19.10),
(99.00, 11.80, 12.70, 13.70, 14.90, 16.20, 17.60, 19.20),
(99.50, 11.90, 12.80, 13.90, 15.00, 16.30, 17.80, 19.40),
(100.00, 12.00, 12.90, 14.00, 15.20, 16.50, 18.00, 19.60),
(100.50, 12.10, 13.00, 14.10, 15.30, 16.60, 18.10, 19.80),
(101.00, 12.20, 13.20, 14.20, 15.40, 16.80, 18.30, 20.00),
(101.50, 12.30, 13.30, 14.40, 15.60, 16.90, 18.50, 20.20),
(102.00, 12.40, 13.40, 14.50, 15.70, 17.10, 18.70, 20.40),
(102.50, 12.50, 13.50, 14.60, 15.90, 17.30, 18.80, 20.60),
(103.00, 12.60, 13.60, 14.80, 16.00, 17.40, 19.00, 20.80),
(103.50, 12.70, 13.70, 14.90, 16.20, 17.60, 19.20, 21.00),
(104.00, 12.80, 13.90, 15.00, 16.30, 17.80, 19.40, 21.20),
(105.00, 13.00, 14.10, 15.30, 16.60, 18.10, 19.80, 21.70),
(105.50, 13.20, 14.20, 15.40, 16.80, 18.30, 20.00, 21.90),
(106.00, 13.30, 14.40, 15.60, 16.90, 18.50, 20.20, 22.10),
(106.50, 13.40, 14.50, 15.70, 17.10, 18.60, 20.40, 22.40),
(107.00, 13.50, 14.60, 15.90, 17.30, 18.80, 20.60, 22.60),
(107.50, 13.60, 14.70, 16.00, 17.40, 19.00, 20.80, 22.80),
(108.00, 13.70, 14.90, 16.20, 17.60, 19.20, 21.00, 23.10),
(108.50, 13.80, 15.00, 16.30, 17.80, 19.40, 21.20, 23.30),
(109.00, 14.00, 15.10, 16.50, 17.90, 19.60, 21.40, 23.60),
(109.50, 14.10, 15.30, 16.60, 18.10, 19.80, 21.70, 23.80),
(110.00, 14.20, 15.40, 16.80, 18.30, 20.00, 21.90, 24.10);

-- --------------------------------------------------------

--
-- Table structure for table `rule_bb_pb_women`
--

CREATE TABLE `rule_bb_pb_women` (
  `length_cm` double(8,2) NOT NULL,
  `minus_three_sd` double(8,2) NOT NULL,
  `minus_two_sd` double(8,2) NOT NULL,
  `minus_one_sd` double(8,2) NOT NULL,
  `median` double(8,2) NOT NULL,
  `plus_one_sd` double(8,2) NOT NULL,
  `plus_two_sd` double(8,2) NOT NULL,
  `plus_three_sd` double(8,2) NOT NULL
) ENGINE=InnoDB DEFAULT CHARSET=utf8mb4 COLLATE=utf8mb4_unicode_ci;

--
-- Dumping data for table `rule_bb_pb_women`
--

INSERT INTO `rule_bb_pb_women` (`length_cm`, `minus_three_sd`, `minus_two_sd`, `minus_one_sd`, `median`, `plus_one_sd`, `plus_two_sd`, `plus_three_sd`) VALUES
(45.00, 1.90, 2.10, 2.30, 2.50, 2.70, 3.00, 3.30),
(45.50, 2.00, 2.10, 2.30, 2.50, 2.80, 3.10, 3.40),
(46.00, 2.00, 2.20, 2.40, 2.60, 2.90, 3.20, 3.50),
(46.50, 2.10, 2.30, 2.50, 2.70, 3.00, 3.30, 3.60),
(47.00, 2.20, 2.40, 2.60, 2.80, 3.10, 3.40, 3.70),
(47.50, 2.20, 2.40, 2.60, 2.90, 3.20, 3.50, 3.80),
(48.00, 2.30, 2.50, 2.70, 3.00, 3.30, 3.60, 4.00),
(48.50, 2.40, 2.60, 2.80, 3.10, 3.40, 3.70, 4.10),
(49.00, 2.40, 2.60, 2.90, 3.20, 3.50, 3.80, 4.20),
(49.50, 2.50, 2.70, 2.90, 3.30, 3.60, 4.00, 4.30),
(50.00, 2.60, 2.80, 3.10, 3.40, 3.70, 4.10, 4.50),
(50.50, 2.70, 3.00, 3.20, 3.50, 3.80, 4.20, 4.70),
(51.00, 2.70, 3.00, 3.30, 3.60, 3.90, 4.30, 4.80),
(51.50, 2.80, 3.10, 3.40, 3.70, 4.00, 4.40, 4.90),
(52.00, 2.90, 3.20, 3.50, 3.80, 4.20, 4.60, 5.10),
(52.50, 3.00, 3.30, 3.60, 3.90, 4.30, 4.70, 5.20),
(53.00, 3.10, 3.40, 3.70, 4.00, 4.40, 4.90, 5.40),
(53.50, 3.20, 3.50, 3.80, 4.20, 4.60, 5.00, 5.50),
(54.00, 3.30, 3.60, 3.90, 4.30, 4.70, 5.20, 5.70),
(54.50, 3.40, 3.70, 4.00, 4.40, 4.80, 5.30, 5.90),
(55.00, 3.50, 3.80, 4.20, 4.50, 5.00, 5.50, 6.10),
(55.50, 3.60, 3.90, 4.30, 4.70, 5.10, 5.70, 6.30),
(56.00, 3.70, 4.00, 4.40, 4.80, 5.30, 5.80, 6.40),
(56.50, 3.80, 4.10, 4.50, 5.00, 5.40, 6.00, 6.60),
(57.00, 3.90, 4.30, 4.60, 5.10, 5.60, 6.10, 6.80),
(57.50, 4.00, 4.40, 4.80, 5.20, 5.70, 6.30, 7.00),
(58.00, 4.10, 4.50, 4.90, 5.40, 5.90, 6.50, 7.10),
(58.50, 4.20, 4.60, 5.00, 5.50, 6.00, 6.60, 7.30),
(59.00, 4.30, 4.70, 5.10, 5.60, 6.20, 6.80, 7.50),
(59.50, 4.40, 4.80, 5.30, 5.70, 6.30, 6.90, 7.70),
(60.00, 4.50, 4.90, 5.40, 5.90, 6.40, 7.10, 7.80),
(60.50, 4.60, 5.00, 5.50, 6.00, 6.60, 7.30, 8.00),
(61.00, 4.70, 5.10, 5.60, 6.10, 6.70, 7.40, 8.20),
(61.50, 4.80, 5.20, 5.70, 6.30, 6.90, 7.60, 8.40),
(62.00, 4.90, 5.30, 5.80, 6.40, 7.00, 7.70, 8.50),
(62.50, 5.00, 5.40, 5.90, 6.50, 7.10, 7.80, 8.70),
(63.00, 5.10, 5.50, 6.00, 6.60, 7.30, 8.00, 8.80),
(63.50, 5.20, 5.60, 6.20, 6.70, 7.40, 8.10, 9.00),
(64.00, 5.30, 5.70, 6.30, 6.90, 7.50, 8.30, 9.10),
(64.50, 5.40, 5.80, 6.40, 7.00, 7.60, 8.40, 9.30),
(65.00, 5.50, 5.90, 6.50, 7.10, 7.80, 8.60, 9.50),
(65.50, 5.50, 6.00, 6.60, 7.20, 7.90, 8.70, 9.60),
(66.00, 5.60, 6.10, 6.70, 7.30, 8.00, 8.80, 9.80),
(66.50, 5.70, 6.20, 6.80, 7.40, 8.10, 9.00, 9.90),
(67.00, 5.80, 6.30, 6.90, 7.50, 8.30, 9.10, 10.00),
(67.50, 5.90, 6.40, 7.00, 7.60, 8.40, 9.20, 10.20),
(68.00, 6.00, 6.50, 7.10, 7.70, 8.50, 9.40, 10.30),
(68.50, 6.10, 6.60, 7.20, 7.90, 8.60, 9.50, 10.50),
(69.00, 6.10, 6.70, 7.30, 8.00, 8.70, 9.60, 10.60),
(69.50, 6.20, 6.80, 7.40, 8.10, 8.80, 9.70, 10.70),
(70.00, 6.30, 6.90, 7.50, 8.20, 9.00, 9.90, 10.90),
(70.50, 6.40, 6.90, 7.60, 8.30, 9.10, 10.00, 11.00),
(71.00, 6.50, 7.00, 7.70, 8.40, 9.20, 10.10, 11.10),
(71.50, 6.50, 7.10, 7.70, 8.50, 9.30, 10.20, 11.30),
(72.00, 6.60, 7.20, 7.80, 8.60, 9.40, 10.30, 11.40),
(72.50, 6.70, 7.30, 7.90, 8.70, 9.50, 10.50, 11.50),
(73.00, 6.80, 7.40, 8.00, 8.80, 9.60, 10.60, 11.70),
(73.50, 6.90, 7.40, 8.10, 8.90, 9.70, 10.70, 11.80),
(74.00, 6.90, 7.50, 8.20, 9.00, 9.80, 10.80, 11.90),
(74.50, 7.00, 7.60, 8.30, 9.10, 9.90, 10.90, 12.00),
(75.00, 7.10, 7.70, 8.40, 9.10, 10.00, 11.00, 12.20),
(75.50, 7.10, 7.80, 8.50, 9.20, 10.10, 11.10, 12.30),
(76.00, 7.20, 7.80, 8.50, 9.30, 10.20, 11.20, 12.40),
(76.50, 7.30, 7.90, 8.60, 9.40, 10.30, 11.40, 12.50),
(77.00, 7.40, 8.00, 8.70, 9.50, 10.40, 11.50, 12.60),
(77.50, 7.40, 8.10, 8.80, 9.60, 10.50, 11.60, 12.80),
(78.00, 7.50, 8.20, 8.90, 9.70, 10.60, 11.70, 12.90),
(78.50, 7.60, 8.20, 9.00, 9.80, 10.70, 11.80, 13.00),
(79.00, 7.70, 8.30, 9.10, 9.90, 10.80, 11.90, 13.10),
(79.50, 7.70, 8.40, 9.10, 10.00, 10.90, 12.00, 13.30),
(80.00, 7.80, 8.50, 9.20, 10.10, 11.00, 12.10, 13.40),
(80.50, 7.90, 8.60, 9.30, 10.20, 11.20, 12.30, 13.50),
(81.00, 8.00, 8.70, 9.40, 10.30, 11.30, 12.40, 13.70),
(81.50, 8.10, 8.80, 9.50, 10.40, 11.40, 12.50, 13.80),
(82.00, 8.10, 8.80, 9.60, 10.50, 11.50, 12.60, 13.90),
(82.50, 8.20, 8.90, 9.70, 10.60, 11.60, 12.80, 14.10),
(83.00, 8.30, 9.00, 9.80, 10.70, 11.80, 12.90, 14.20),
(83.50, 8.40, 9.10, 9.90, 10.90, 11.90, 13.10, 14.40),
(84.00, 8.50, 9.20, 10.10, 11.00, 12.00, 13.20, 14.50),
(84.50, 8.60, 9.30, 10.20, 11.10, 12.10, 13.30, 14.70),
(85.00, 8.70, 9.40, 10.30, 11.20, 12.30, 13.50, 14.90),
(85.50, 8.80, 9.50, 10.40, 11.30, 12.40, 13.60, 15.00),
(86.00, 8.90, 9.70, 10.50, 11.50, 12.60, 13.80, 15.20),
(86.50, 9.00, 9.80, 10.60, 11.60, 12.70, 13.90, 15.40),
(87.00, 9.10, 9.90, 10.70, 11.70, 12.80, 14.10, 15.50),
(87.50, 9.20, 10.00, 10.90, 11.80, 13.00, 14.20, 15.70),
(88.00, 9.30, 10.10, 11.00, 12.00, 13.10, 14.40, 15.90),
(88.50, 9.40, 10.20, 11.10, 12.10, 13.20, 14.50, 16.00),
(89.00, 9.50, 10.30, 11.20, 12.20, 13.40, 14.70, 16.20),
(89.50, 9.60, 10.40, 11.30, 12.30, 13.50, 14.80, 16.40),
(90.00, 9.70, 10.50, 11.40, 12.50, 13.70, 15.00, 16.50),
(90.50, 9.80, 10.60, 11.50, 12.60, 13.80, 15.10, 16.70),
(91.00, 9.90, 10.70, 11.70, 12.70, 13.90, 15.30, 16.90),
(91.50, 10.00, 10.80, 11.80, 12.80, 14.10, 15.50, 17.00),
(92.00, 10.10, 10.90, 11.90, 13.00, 14.20, 15.60, 17.20),
(92.50, 10.10, 11.00, 12.00, 13.10, 14.30, 15.80, 17.40),
(93.00, 10.20, 11.10, 12.10, 13.20, 14.50, 15.90, 17.50),
(93.50, 10.30, 11.20, 12.20, 13.30, 14.60, 16.10, 17.70),
(94.00, 10.40, 11.30, 12.30, 13.50, 14.70, 16.20, 17.90),
(94.50, 10.50, 11.40, 12.40, 13.60, 14.90, 16.40, 18.00),
(95.00, 10.60, 11.50, 12.60, 13.70, 15.00, 16.50, 18.20),
(95.50, 10.70, 11.60, 12.70, 13.80, 15.20, 16.70, 18.40),
(96.00, 10.80, 11.70, 12.80, 14.00, 15.30, 16.80, 18.60),
(96.50, 10.90, 11.80, 12.90, 14.10, 15.40, 17.00, 18.70),
(97.00, 11.00, 12.00, 13.00, 14.20, 15.60, 17.10, 18.90),
(97.50, 11.10, 12.10, 13.10, 14.40, 15.70, 17.30, 19.10),
(98.00, 11.20, 12.20, 13.30, 14.50, 15.90, 17.50, 19.30),
(98.50, 11.30, 12.30, 13.40, 14.60, 16.00, 17.60, 19.50),
(99.00, 11.40, 12.40, 13.50, 14.80, 16.20, 17.80, 19.60),
(99.50, 11.50, 12.50, 13.60, 14.90, 16.30, 18.00, 19.80),
(100.00, 11.60, 12.60, 13.70, 15.00, 16.50, 18.10, 20.00),
(100.50, 11.70, 12.70, 13.90, 15.20, 16.60, 18.30, 20.20),
(101.00, 11.80, 12.80, 14.00, 15.30, 16.80, 18.50, 20.40),
(101.50, 11.90, 13.00, 14.10, 15.50, 17.00, 18.70, 20.60),
(102.00, 12.00, 13.10, 14.30, 15.60, 17.10, 18.90, 20.80),
(102.50, 12.10, 13.20, 14.40, 15.80, 17.30, 19.00, 21.00),
(103.00, 12.30, 13.30, 14.50, 15.90, 17.50, 19.20, 21.30),
(103.50, 12.40, 13.50, 14.70, 16.10, 17.60, 19.40, 21.50),
(104.00, 12.50, 13.60, 14.80, 16.20, 17.80, 19.60, 21.70),
(104.50, 12.60, 13.70, 15.00, 16.40, 18.00, 19.80, 21.90),
(105.00, 12.70, 13.80, 15.10, 16.50, 18.20, 20.00, 22.20),
(105.50, 12.80, 14.00, 15.30, 16.70, 18.40, 20.20, 22.40),
(106.00, 13.00, 14.10, 15.40, 16.90, 18.50, 20.50, 22.60),
(106.50, 13.10, 14.30, 15.60, 17.10, 18.70, 20.70, 22.90),
(107.00, 13.20, 14.40, 15.70, 17.20, 18.90, 20.90, 23.10),
(107.50, 13.30, 14.50, 15.90, 17.40, 19.10, 21.10, 23.40),
(108.00, 13.50, 14.70, 16.00, 17.60, 19.30, 21.30, 23.60),
(108.50, 13.60, 14.80, 16.20, 17.80, 19.50, 21.60, 23.90),
(109.00, 13.70, 15.00, 16.40, 18.00, 19.70, 21.80, 24.20),
(109.50, 13.90, 15.10, 16.50, 18.10, 20.00, 22.00, 24.40),
(110.00, 14.00, 15.30, 16.70, 18.30, 20.20, 22.30, 24.70);

-- --------------------------------------------------------

--
-- Table structure for table `rule_bb_u_men`
--

CREATE TABLE `rule_bb_u_men` (
  `age_months` int(11) NOT NULL,
  `minus_three_sd` double(8,2) NOT NULL,
  `minus_two_sd` double(8,2) NOT NULL,
  `minus_one_sd` double(8,2) NOT NULL,
  `median` double(8,2) NOT NULL,
  `plus_one_sd` double(8,2) NOT NULL,
  `plus_two_sd` double(8,2) NOT NULL,
  `plus_three_sd` double(8,2) NOT NULL
) ENGINE=InnoDB DEFAULT CHARSET=utf8mb4 COLLATE=utf8mb4_unicode_ci;

--
-- Dumping data for table `rule_bb_u_men`
--

INSERT INTO `rule_bb_u_men` (`age_months`, `minus_three_sd`, `minus_two_sd`, `minus_one_sd`, `median`, `plus_one_sd`, `plus_two_sd`, `plus_three_sd`) VALUES
(0, 2.10, 2.50, 2.90, 3.30, 3.90, 4.40, 5.00),
(1, 2.90, 3.40, 3.90, 4.50, 5.10, 5.80, 6.60),
(2, 3.80, 4.30, 4.90, 5.60, 6.30, 7.10, 8.00),
(3, 4.40, 5.00, 5.70, 6.40, 7.20, 8.00, 9.00),
(4, 4.90, 5.60, 6.20, 7.00, 7.80, 8.70, 9.70),
(5, 5.30, 6.00, 6.70, 7.50, 8.40, 9.30, 10.40),
(6, 5.70, 6.40, 7.10, 7.90, 8.80, 9.80, 10.90),
(7, 5.90, 6.70, 7.40, 8.30, 9.20, 10.30, 11.40),
(8, 6.20, 6.90, 7.70, 8.60, 9.60, 10.70, 11.90),
(9, 6.40, 7.10, 8.00, 8.90, 9.90, 11.00, 12.30),
(10, 6.60, 7.40, 8.20, 9.20, 10.20, 11.40, 12.70),
(11, 6.80, 7.60, 8.40, 9.40, 10.50, 11.70, 13.00),
(12, 6.90, 7.70, 8.60, 9.60, 10.80, 12.00, 13.30),
(13, 7.10, 7.90, 8.80, 9.90, 11.00, 12.30, 13.70),
(14, 7.20, 8.10, 9.00, 10.10, 11.30, 12.60, 14.00),
(15, 7.40, 8.30, 9.20, 10.30, 11.50, 12.80, 14.30),
(16, 7.50, 8.40, 9.40, 10.50, 11.70, 13.10, 14.60),
(17, 7.70, 8.60, 9.60, 10.70, 12.00, 13.40, 14.90),
(18, 7.80, 8.80, 9.80, 10.90, 12.20, 13.70, 15.30),
(19, 8.00, 8.90, 10.00, 11.10, 12.50, 13.90, 15.60),
(20, 8.10, 9.10, 10.10, 11.30, 12.70, 14.20, 15.90),
(21, 8.20, 9.20, 10.30, 11.50, 12.90, 14.50, 16.20),
(22, 8.40, 9.40, 10.50, 11.80, 13.20, 14.70, 16.50),
(23, 8.50, 9.50, 10.70, 12.00, 13.40, 15.00, 16.80),
(24, 8.60, 9.70, 10.80, 12.20, 13.60, 15.30, 17.10);

-- --------------------------------------------------------

--
-- Table structure for table `rule_bb_u_women`
--

CREATE TABLE `rule_bb_u_women` (
  `age_months` int(11) NOT NULL,
  `minus_three_sd` double(8,2) NOT NULL,
  `minus_two_sd` double(8,2) NOT NULL,
  `minus_one_sd` double(8,2) NOT NULL,
  `median` double(8,2) NOT NULL,
  `plus_one_sd` double(8,2) NOT NULL,
  `plus_two_sd` double(8,2) NOT NULL,
  `plus_three_sd` double(8,2) NOT NULL
) ENGINE=InnoDB DEFAULT CHARSET=utf8mb4 COLLATE=utf8mb4_unicode_ci;

--
-- Dumping data for table `rule_bb_u_women`
--

INSERT INTO `rule_bb_u_women` (`age_months`, `minus_three_sd`, `minus_two_sd`, `minus_one_sd`, `median`, `plus_one_sd`, `plus_two_sd`, `plus_three_sd`) VALUES
(0, 2.00, 2.40, 2.80, 3.20, 3.70, 4.20, 4.80),
(1, 2.70, 3.20, 3.60, 4.20, 4.80, 5.50, 6.20),
(2, 3.40, 3.90, 4.50, 5.10, 5.80, 6.60, 7.50),
(3, 4.00, 4.50, 5.20, 5.80, 6.60, 7.50, 8.50),
(4, 4.40, 5.00, 5.70, 6.40, 7.30, 8.20, 9.30),
(5, 4.80, 5.40, 6.10, 6.90, 7.80, 8.80, 10.00),
(6, 5.10, 5.70, 6.50, 7.30, 8.20, 9.30, 10.60),
(7, 5.30, 6.00, 6.80, 7.60, 8.60, 9.80, 11.10),
(8, 5.60, 6.30, 7.00, 7.90, 9.00, 10.20, 11.60),
(9, 5.80, 6.50, 7.30, 8.20, 9.30, 10.50, 12.00),
(10, 5.90, 6.70, 7.50, 8.50, 9.60, 10.90, 12.40),
(11, 6.10, 6.90, 7.70, 8.70, 9.90, 11.20, 12.80),
(12, 6.30, 7.00, 7.90, 8.90, 10.10, 11.50, 13.10),
(13, 6.40, 7.20, 8.10, 9.20, 10.40, 11.80, 13.50),
(14, 6.60, 7.40, 8.30, 9.40, 10.60, 12.10, 13.80),
(15, 6.70, 7.60, 8.50, 9.60, 10.90, 12.40, 14.10),
(16, 6.90, 7.70, 8.70, 9.80, 11.10, 12.60, 14.50),
(17, 7.00, 7.90, 8.90, 10.00, 11.40, 12.90, 14.80),
(18, 7.20, 8.10, 9.10, 10.20, 11.60, 13.20, 15.10),
(19, 7.30, 8.20, 9.20, 10.40, 11.80, 13.50, 15.40),
(20, 7.50, 8.40, 9.40, 10.60, 12.10, 13.70, 15.70),
(21, 7.60, 8.60, 9.60, 10.90, 12.30, 14.00, 16.00),
(22, 7.80, 8.70, 9.80, 11.10, 12.50, 14.30, 16.40),
(23, 7.90, 8.90, 10.00, 11.30, 12.80, 14.60, 16.70),
(24, 8.10, 9.00, 10.20, 11.50, 13.00, 14.80, 17.00);

-- --------------------------------------------------------

--
-- Table structure for table `rule_tb_u_men`
--

CREATE TABLE `rule_tb_u_men` (
  `age_months` int(11) NOT NULL,
  `minus_three_sd` double(8,2) NOT NULL,
  `minus_two_sd` double(8,2) NOT NULL,
  `minus_one_sd` double(8,2) NOT NULL,
  `median` double(8,2) NOT NULL,
  `plus_one_sd` double(8,2) NOT NULL,
  `plus_two_sd` double(8,2) NOT NULL,
  `plus_three_sd` double(8,2) NOT NULL
) ENGINE=InnoDB DEFAULT CHARSET=utf8mb4 COLLATE=utf8mb4_unicode_ci;

--
-- Dumping data for table `rule_tb_u_men`
--

INSERT INTO `rule_tb_u_men` (`age_months`, `minus_three_sd`, `minus_two_sd`, `minus_one_sd`, `median`, `plus_one_sd`, `plus_two_sd`, `plus_three_sd`) VALUES
(0, 44.20, 46.10, 48.00, 49.90, 51.80, 53.70, 55.60),
(1, 48.90, 50.80, 52.80, 54.70, 56.70, 58.60, 60.60),
(2, 52.40, 54.40, 56.40, 58.40, 60.40, 62.40, 64.40),
(3, 55.30, 57.30, 59.40, 61.40, 63.50, 65.50, 67.60),
(4, 57.60, 59.70, 61.80, 63.90, 66.00, 68.00, 70.10),
(5, 59.60, 61.70, 63.80, 65.90, 68.00, 70.10, 72.20),
(6, 61.20, 63.30, 65.50, 67.60, 69.80, 71.90, 74.00),
(7, 62.70, 64.80, 67.00, 69.20, 71.30, 73.50, 75.70),
(8, 64.00, 66.20, 68.40, 70.60, 72.80, 75.00, 77.20),
(9, 65.20, 67.50, 69.70, 72.00, 74.20, 76.50, 78.70),
(10, 66.40, 68.70, 71.00, 73.30, 75.60, 77.90, 80.10),
(11, 67.60, 69.90, 72.20, 74.50, 76.90, 79.20, 81.50),
(12, 68.60, 71.00, 73.40, 75.70, 78.10, 80.50, 82.90),
(13, 69.60, 72.10, 74.50, 76.90, 79.30, 81.80, 84.20),
(14, 70.60, 73.10, 75.60, 78.00, 80.50, 83.00, 85.50),
(15, 71.60, 74.10, 76.60, 79.10, 81.70, 84.20, 86.70),
(16, 72.50, 75.00, 77.60, 80.20, 82.80, 85.40, 88.00),
(17, 73.30, 76.00, 78.60, 81.20, 83.90, 86.50, 89.20),
(18, 74.20, 76.90, 79.60, 82.30, 85.00, 87.70, 90.40),
(19, 75.00, 77.70, 80.50, 83.20, 86.00, 88.80, 91.50),
(20, 75.80, 78.60, 81.40, 84.20, 87.00, 89.80, 92.60),
(21, 76.50, 79.40, 82.30, 85.10, 88.00, 90.90, 93.80),
(22, 77.20, 80.20, 83.10, 86.00, 89.00, 91.90, 94.90),
(23, 78.00, 81.00, 83.90, 86.90, 89.90, 92.90, 95.90),
(24, 78.70, 81.70, 84.80, 87.80, 90.90, 93.90, 97.00);

-- --------------------------------------------------------

--
-- Table structure for table `rule_tb_u_women`
--

CREATE TABLE `rule_tb_u_women` (
  `age_months` int(11) NOT NULL,
  `minus_three_sd` double(8,2) NOT NULL,
  `minus_two_sd` double(8,2) NOT NULL,
  `minus_one_sd` double(8,2) NOT NULL,
  `median` double(8,2) NOT NULL,
  `plus_one_sd` double(8,2) NOT NULL,
  `plus_two_sd` double(8,2) NOT NULL,
  `plus_three_sd` double(8,2) NOT NULL
) ENGINE=InnoDB DEFAULT CHARSET=utf8mb4 COLLATE=utf8mb4_unicode_ci;

--
-- Dumping data for table `rule_tb_u_women`
--

INSERT INTO `rule_tb_u_women` (`age_months`, `minus_three_sd`, `minus_two_sd`, `minus_one_sd`, `median`, `plus_one_sd`, `plus_two_sd`, `plus_three_sd`) VALUES
(0, 43.60, 45.40, 47.30, 49.10, 51.00, 52.90, 54.70),
(1, 47.80, 49.80, 51.70, 53.70, 55.60, 57.60, 59.50),
(2, 51.00, 53.00, 55.00, 57.10, 59.10, 61.10, 63.20),
(3, 53.50, 55.60, 57.70, 59.80, 61.90, 64.00, 66.10),
(4, 55.60, 57.80, 59.90, 62.10, 64.30, 66.40, 68.60),
(5, 57.40, 59.60, 61.80, 64.00, 66.20, 68.50, 70.70),
(6, 58.90, 61.20, 63.50, 65.70, 68.00, 70.30, 72.50),
(7, 60.30, 62.70, 65.00, 67.30, 69.60, 71.90, 74.20),
(8, 61.70, 64.00, 66.40, 68.70, 71.10, 73.50, 75.80),
(9, 62.90, 65.30, 67.70, 70.10, 72.60, 75.00, 77.40),
(10, 64.10, 66.50, 69.00, 71.50, 73.90, 76.40, 78.90),
(11, 65.20, 67.70, 70.30, 72.80, 75.30, 77.80, 80.30),
(12, 66.30, 68.90, 71.40, 74.00, 76.60, 79.20, 81.70),
(13, 67.30, 70.00, 72.60, 75.20, 77.80, 80.50, 83.10),
(14, 68.30, 71.00, 73.70, 76.40, 79.10, 81.70, 84.40),
(15, 69.30, 72.00, 74.80, 77.50, 80.20, 83.00, 85.70),
(16, 70.20, 73.00, 75.80, 78.60, 81.40, 84.20, 87.00),
(17, 71.10, 74.00, 76.80, 79.70, 82.50, 85.40, 88.20),
(18, 72.00, 74.90, 77.80, 80.70, 83.60, 86.50, 89.40),
(19, 72.80, 75.80, 78.80, 81.70, 84.70, 87.60, 90.60),
(20, 73.70, 76.70, 79.70, 82.70, 85.70, 88.70, 91.70),
(21, 74.50, 77.50, 80.60, 83.70, 86.70, 89.80, 92.90),
(22, 75.20, 78.40, 81.50, 84.60, 87.70, 90.80, 94.00),
(23, 76.00, 79.20, 82.30, 85.50, 88.70, 91.90, 95.00),
(24, 76.70, 80.00, 83.20, 86.40, 89.60, 92.90, 96.10);

-- --------------------------------------------------------

--
-- Table structure for table `status_gizi`
--

CREATE TABLE `status_gizi` (
  `anak_id` bigint(20) UNSIGNED NOT NULL,
  `TB/U` varchar(255) COLLATE utf8mb4_unicode_ci NOT NULL,
  `BB/U` varchar(255) COLLATE utf8mb4_unicode_ci NOT NULL,
  `BB/PB` varchar(255) COLLATE utf8mb4_unicode_ci NOT NULL,
  `tindakan` varchar(255) COLLATE utf8mb4_unicode_ci NOT NULL,
  `berat_badan` decimal(8,2) NOT NULL,
  `tinggi_badan` decimal(8,2) NOT NULL,
  `tanggal_periksa` timestamp NOT NULL DEFAULT current_timestamp(),
  `created_at` timestamp NULL DEFAULT NULL,
  `updated_at` timestamp NULL DEFAULT NULL,
  `z_score_bbu` decimal(8,2) NOT NULL,
  `z_score_tbu` decimal(8,2) NOT NULL,
  `z_score_bbpb` decimal(8,2) NOT NULL,
  `airBersih` varchar(255) COLLATE utf8mb4_unicode_ci NOT NULL DEFAULT 'Belum ada data',
  `jambanSehat` varchar(255) COLLATE utf8mb4_unicode_ci NOT NULL DEFAULT 'Belum ada data',
  `imunisasi` varchar(255) COLLATE utf8mb4_unicode_ci NOT NULL DEFAULT 'Belum ada data',
  `kecacingan` varchar(255) COLLATE utf8mb4_unicode_ci NOT NULL DEFAULT 'Belum ada data',
  `merokok` varchar(255) COLLATE utf8mb4_unicode_ci NOT NULL DEFAULT 'Belum ada data',
  `riwayatKehamilan` varchar(255) COLLATE utf8mb4_unicode_ci NOT NULL DEFAULT 'Belum ada data'
) ENGINE=InnoDB DEFAULT CHARSET=utf8mb4 COLLATE=utf8mb4_unicode_ci;

--
-- Dumping data for table `status_gizi`
--

INSERT INTO `status_gizi` (`anak_id`, `TB/U`, `BB/U`, `BB/PB`, `tindakan`, `berat_badan`, `tinggi_badan`, `tanggal_periksa`, `created_at`, `updated_at`, `z_score_bbu`, `z_score_tbu`, `z_score_bbpb`, `airBersih`, `jambanSehat`, `imunisasi`, `kecacingan`, `merokok`, `riwayatKehamilan`) VALUES
(1177, 'Normal', 'Berat badan normal', 'Gizi baik', 'Tidak ada intervensi khusus yang diperlukan, lanjutkan pemantauan', '8.00', '72.00', '2024-04-07 17:00:00', '2024-06-30 07:54:00', '2024-06-30 07:54:00', '-1.00', '0.00', '-1.29', 'ada', 'ada', 'ya', 'ya', 'tidak', 'non-kek'),
(1178, 'Pendek', 'Berat badan normal', 'Gizi baik', 'Rujuk ke rumah sakit untuk dilakukan konfirmasi terhadap red flag yang menyebabkan stunting oleh Dokter Spesialis Anak', '9.00', '75.00', '2024-04-08 17:00:00', '2024-06-30 07:54:47', '2024-06-30 07:54:47', '-1.73', '-2.70', '-0.71', 'tidak', 'tidak', 'tidak', 'ya', 'ada', 'kek'),
(1179, 'Normal', 'Berat badan normal', 'Gizi baik', 'Tidak ada intervensi khusus yang diperlukan, lanjutkan pemantauan', '7.50', '70.00', '2024-04-19 17:00:00', '2024-06-30 07:55:33', '2024-06-30 07:55:33', '-1.40', '-1.54', '-1.00', 'ada', 'ada', 'ya', 'tidak', 'tidak', 'non-kek'),
(1180, 'Tinggi', 'Berat badan lebih', 'Gizi baik', 'Berikan edukasi nutrisi kepada orang tua tentang pentingnya pola makan sehat dan seimbang untuk anak\n            dan lakukan intervensi gizi serta monitor pertumbuhan', '8.20', '75.00', '2024-04-24 17:00:00', '2024-06-30 07:56:35', '2024-06-30 07:56:35', '6.67', '11.21', '-1.29', 'ada', 'ada', 'ya', 'ya', 'tidak', 'kek'),
(1181, 'Normal', 'Berat badan kurang', 'Gizi buruk', 'Rujuk ke rumah sakit untuk penanganan lebih lanjut', '7.40', '77.00', '2024-06-29 17:00:00', '2024-06-30 07:58:04', '2024-06-30 07:58:04', '-2.82', '-1.23', '-3.13', 'ada', 'ada', 'ya', 'tidak', 'ada', 'non-kek'),
(1182, 'Pendek', 'Berat badan normal', 'Gizi baik', 'Rujuk ke rumah sakit untuk dilakukan konfirmasi terhadap red flag yang menyebabkan stunting oleh Dokter Spesialis Anak', '8.70', '74.00', '2024-05-04 17:00:00', '2024-06-30 07:59:47', '2024-06-30 07:59:47', '-1.82', '-2.77', '-0.86', 'belum', 'ada', 'ya', 'tidak', 'tidak', 'non-kek'),
(1184, 'Normal', 'Berat badan normal', 'Gizi baik', 'Tidak ada intervensi khusus yang diperlukan, lanjutkan pemantauan', '6.60', '66.00', '2024-04-07 17:00:00', '2024-06-30 08:01:52', '2024-06-30 08:01:52', '0.22', '1.77', '-1.17', 'tidak', 'tidak', 'ya', 'ya', 'ada', 'kek'),
(1185, 'Sangat pendek', 'Berat badan sangat kurang', 'Gizi baik', 'Rujuk ke rumah sakit untuk dilakukan konfirmasi terhadap red flag yang menyebabkan stunting oleh Dokter Spesialis Anak', '6.80', '69.00', '2024-05-14 17:00:00', '2024-06-30 08:02:41', '2024-06-30 08:02:41', '-3.09', '-4.03', '-1.71', 'ada', 'ada', 'tidak', 'ya', 'tidak', 'non-kek'),
(1186, 'Normal', 'Berat badan normal', 'Gizi baik', 'Tidak ada intervensi khusus yang diperlukan, lanjutkan pemantauan', '9.20', '71.00', '2024-05-19 17:00:00', '2024-06-30 08:03:30', '2024-06-30 08:03:30', '0.60', '0.18', '0.75', 'ada', 'tidak', 'ya', 'tidak', 'ada', 'kek'),
(1187, 'Sangat pendek', 'Berat badan sangat kurang', 'Gizi buruk', 'Rujuk ke rumah sakit untuk dilakukan konfirmasi terhadap red flag yang menyebabkan stunting oleh Dokter Spesialis Anak', '6.50', '73.50', '2024-05-24 17:00:00', '2024-06-30 08:04:29', '2024-06-30 08:04:29', '-4.17', '-4.14', '-3.86', 'tidak', 'ada', 'ya', 'ya', 'tidak', 'non-kek'),
(1188, 'Sangat pendek', 'Berat badan normal', 'Gizi baik', 'Rujuk ke rumah sakit untuk dilakukan konfirmasi terhadap red flag yang menyebabkan stunting oleh Dokter Spesialis Anak', '9.00', '72.00', '2024-04-14 17:00:00', '2024-06-30 09:08:28', '2024-06-30 09:08:28', '-1.46', '-3.77', '0.50', 'ada', 'tidak', 'tidak', 'tidak', 'ada', 'non-kek'),
(1189, 'Normal', 'Berat badan normal', 'Gizi baik', 'Tidak ada intervensi khusus yang diperlukan, lanjutkan pemantauan', '8.60', '70.00', '2024-04-19 17:00:00', '2024-06-30 09:09:18', '2024-06-30 09:09:18', '0.09', '-0.60', '0.50', 'tidak', 'ada', 'ya', 'ya', 'ada', 'kek'),
(1190, 'Normal', 'Berat badan kurang', 'Gizi buruk', 'Berikan F75 selama 3 hari, F100 selama 11 hari dan PMT (Pemberian Makanan Tambahan)', '6.80', '71.00', '2024-04-24 17:00:00', '2024-06-30 09:10:01', '2024-06-30 09:10:01', '-2.40', '-1.00', '-3.00', 'ada', 'ada', 'tidak', 'ya', 'ada', 'non-kek'),
(1191, 'Tinggi', 'Berat badan lebih', 'Gizi buruk', 'Berikan F75 selama 3 hari, F100 selama 11 hari dan PMT (Pemberian Makanan Tambahan)', '5.10', '76.00', '2024-04-30 17:00:00', '2024-06-30 09:10:47', '2024-06-30 09:10:47', '3.80', '14.16', '-5.25', 'ada', 'ada', 'ya', 'tidak', 'ada', 'non-kek'),
(1192, 'Normal', 'Berat badan normal', 'Gizi buruk', 'Berikan F75 selama 3 hari, F100 selama 11 hari dan PMT (Pemberian Makanan Tambahan)', '3.70', '57.00', '2024-05-14 17:00:00', '2024-06-30 09:14:50', '2024-06-30 09:14:50', '-1.33', '1.15', '-3.50', 'belum', 'ada', 'ya', 'ya', 'ada', 'kek'),
(1193, 'Pendek', 'Berat badan normal', 'Gizi baik', 'Rujuk ke rumah sakit untuk dilakukan konfirmasi terhadap red flag yang menyebabkan stunting oleh Dokter Spesialis Anak', '8.10', '71.00', '2024-05-19 17:00:00', '2024-06-30 09:15:33', '2024-06-30 09:15:33', '-1.36', '-2.41', '-0.43', 'ada', 'ada', 'tidak', 'ya', 'ada', 'non-kek'),
(1194, 'Pendek', 'Berat badan normal', 'Gizi baik', 'Rujuk ke rumah sakit untuk dilakukan konfirmasi terhadap red flag yang menyebabkan stunting oleh Dokter Spesialis Anak', '8.30', '73.00', '2024-05-09 17:00:00', '2024-06-30 09:16:23', '2024-06-30 09:16:23', '-2.00', '-2.77', '-1.14', 'ada', 'belum', 'ya', 'tidak', 'ada', 'belum'),
(1196, 'Normal', 'Berat badan sangat kurang', 'Gizi buruk', 'Berikan F75 selama 3 hari, F100 selama 11 hari dan PMT (Pemberian Makanan Tambahan)', '5.10', '64.00', '2024-05-24 17:00:00', '2024-06-30 09:17:35', '2024-06-30 09:17:35', '-3.50', '-1.71', '-3.80', 'tidak', 'tidak', 'ya', 'tidak', 'ada', 'kek'),
(1197, 'Normal', 'Berat badan normal', 'Gizi baik', 'Tidak ada intervensi khusus yang diperlukan, lanjutkan pemantauan', '8.70', '72.00', '2024-05-31 17:00:00', '2024-06-30 09:18:16', '2024-06-30 09:18:16', '0.73', '1.38', '0.13', 'ada', 'ada', 'tidak', 'tidak', 'ada', 'non-kek'),
(1198, 'Pendek', 'Berat badan kurang', 'Gizi baik', 'Rujuk ke rumah sakit untuk dilakukan konfirmasi terhadap red flag yang menyebabkan stunting oleh Dokter Spesialis Anak', '6.60', '66.00', '2024-06-05 17:00:00', '2024-06-30 09:18:51', '2024-06-30 09:18:51', '-2.56', '-2.61', '-1.50', 'tidak', 'ada', 'ya', 'ya', 'ada', 'kek'),
(1200, 'Sangat pendek', 'Berat badan kurang', 'Gizi baik', 'Rujuk ke rumah sakit untuk dilakukan konfirmasi terhadap red flag yang menyebabkan stunting oleh Dokter Spesialis Anak', '6.00', '62.00', '2024-06-19 17:00:00', '2024-06-30 09:22:07', '2024-06-30 09:22:07', '-2.90', '-4.62', '-0.67', 'ada', 'ada', 'ya', 'tidak', 'ada', 'non-kek'),
(1201, 'Sangat pendek', 'Berat badan normal', 'Gizi baik', 'Rujuk ke rumah sakit untuk dilakukan konfirmasi terhadap red flag yang menyebabkan stunting oleh Dokter Spesialis Anak', '9.10', '75.00', '2024-06-06 17:00:00', '2024-06-30 09:22:37', '2024-06-30 09:22:37', '-1.69', '-3.28', '0.00', 'ada', 'ada', 'ya', 'tidak', 'ada', 'non-kek'),
(1203, 'Normal', 'Berat badan normal', 'Gizi baik', 'Tidak ada intervensi khusus yang diperlukan, lanjutkan pemantauan', '8.40', '69.00', '2024-06-02 17:00:00', '2024-06-30 09:23:15', '2024-06-30 09:23:15', '-0.30', '-1.52', '0.57', 'ada', 'tidak', 'ya', 'tidak', 'ada', 'kek'),
(1205, 'Pendek', 'Berat badan normal', 'Gizi baik', 'Rujuk ke rumah sakit untuk dilakukan konfirmasi terhadap red flag yang menyebabkan stunting oleh Dokter Spesialis Anak', '7.60', '67.00', '2024-06-09 17:00:00', '2024-06-30 09:23:54', '2024-06-30 09:23:54', '-1.30', '-2.69', '0.13', 'ada', 'ada', 'ya', 'ya', 'ada', 'non-kek'),
(1206, 'Normal', 'Berat badan normal', 'Gizi kurang', 'Berikan PMT (Pemberian Makanan Tambahan) berbasis bahan pangan lokal yang kaya akan protein hewani selama 90 hari', '7.60', '76.00', '2024-05-31 17:00:00', '2024-06-30 09:28:59', '2024-06-30 09:28:59', '-1.80', '0.63', '-2.63', 'ada', 'tidak', 'ya', 'tidak', 'ada', 'non-kek'),
(1207, 'Pendek', 'Berat badan normal', 'Gizi baik', 'Rujuk ke rumah sakit untuk dilakukan konfirmasi terhadap red flag yang menyebabkan stunting oleh Dokter Spesialis Anak', '7.50', '68.00', '2024-06-23 17:00:00', '2024-06-30 09:29:39', '2024-06-30 09:29:39', '-1.40', '-2.31', '-0.33', 'ada', 'tidak', 'ya', 'ya', 'ada', 'non-kek'),
(1210, 'Pendek', 'Berat badan normal', 'Gizi baik', 'Rujuk ke rumah sakit untuk dilakukan konfirmasi terhadap red flag yang menyebabkan stunting oleh Dokter Spesialis Anak', '7.90', '69.00', '2024-06-16 17:00:00', '2024-06-30 09:30:12', '2024-06-30 09:30:12', '-1.18', '-2.38', '-0.14', 'tidak', 'tidak', 'ya', 'tidak', 'ada', 'non-kek'),
(1214, 'Normal', 'Berat badan normal', 'Gizi baik', 'Tidak ada intervensi khusus yang diperlukan, lanjutkan pemantauan', '6.60', '66.00', '2024-05-31 17:00:00', '2024-07-02 22:44:38', '2024-07-02 22:44:38', '-0.38', '0.91', '-1.17', 'ada', 'ada', 'ya', 'tidak', 'tidak', 'non-kek'),
(1215, 'Normal', 'Berat badan normal', 'Gizi baik', 'Tidak ada intervensi khusus yang diperlukan, lanjutkan pemantauan', '6.60', '66.00', '2024-05-31 17:00:00', '2024-07-02 22:45:29', '2024-07-02 22:45:29', '-1.13', '0.05', '-1.50', 'ada', 'ada', 'ya', 'tidak', 'tidak', 'non-kek'),
(1216, 'Normal', 'Berat badan normal', 'Gizi kurang', 'Berikan PMT (Pemberian Makanan Tambahan) berbasis bahan pangan lokal yang kaya akan protein hewani selama 90 hari', '6.50', '72.00', '2024-05-08 17:00:00', '2024-07-07 08:44:32', '2024-07-07 08:44:32', '-1.38', '2.04', '-2.63', 'belum', 'belum', 'belum', 'belum', 'belum', 'belum'),
(1247, 'Normal', 'Berat badan normal', 'Gizi buruk', 'Berikan F75 selama 3 hari, F100 selama 11 hari dan PMT (Pemberian Makanan Tambahan)', '4.80', '61.00', '2024-03-08 17:00:00', '2024-07-07 13:45:56', '2024-07-07 13:45:56', '-1.14', '1.30', '-3.00', 'ada', 'ada', 'ya', 'tidak', 'ada', 'non-kek'),
(1248, 'Pendek', 'Berat badan sangat kurang', 'Gizi buruk', 'Rujuk ke rumah sakit untuk dilakukan konfirmasi terhadap red flag yang menyebabkan stunting oleh Dokter Spesialis Anak', '2.88', '52.00', '2024-03-07 17:00:00', '2024-07-07 14:07:27', '2024-07-07 14:07:27', '-3.70', '-2.43', '-3.07', 'ada', 'ada', 'ya', 'tidak', 'ada', 'belum'),
(1249, 'Tinggi', 'Berat badan normal', 'Gizi kurang', 'Berikan PMT (Pemberian Makanan Tambahan) berbasis bahan pangan lokal yang kaya akan protein hewani selama 90 hari', '6.10', '69.00', '2024-03-05 17:00:00', '2024-07-07 14:08:32', '2024-07-07 14:08:32', '0.38', '4.38', '-2.71', 'ada', 'ada', 'ya', 'belum', 'ada', 'non-kek'),
(1250, 'Normal', 'Berat badan normal', 'Gizi buruk', 'Berikan F75 selama 3 hari, F100 selama 11 hari dan PMT (Pemberian Makanan Tambahan)', '5.20', '65.00', '2024-03-08 17:00:00', '2024-07-07 14:10:02', '2024-07-07 14:10:02', '-1.71', '1.71', '-3.50', 'ada', 'ada', 'ya', 'belum', 'tidak', 'non-kek'),
(1251, 'Sangat pendek', 'Berat badan sangat kurang', 'Gizi buruk', 'Rujuk ke rumah sakit untuk dilakukan konfirmasi terhadap red flag yang menyebabkan stunting oleh Dokter Spesialis Anak', '5.60', '68.00', '2024-03-12 17:00:00', '2024-07-07 14:11:26', '2024-07-07 14:11:26', '-3.91', '-3.71', '-3.43', 'ada', 'ada', 'ya', 'tidak', 'ada', 'belum'),
(1252, 'Normal', 'Berat badan kurang', 'Gizi buruk', 'Berikan F75 selama 3 hari, F100 selama 11 hari dan PMT (Pemberian Makanan Tambahan)', '7.20', '75.00', '2024-03-08 17:00:00', '2024-07-07 14:12:18', '2024-07-07 14:12:18', '-2.82', '-1.64', '-3.29', 'ada', 'ada', 'ya', 'tidak', 'ada', 'non-kek'),
(1253, 'Sangat pendek', 'Berat badan sangat kurang', 'Gizi buruk', 'Rujuk ke rumah sakit untuk dilakukan konfirmasi terhadap red flag yang menyebabkan stunting oleh Dokter Spesialis Anak', '3.78', '57.00', '2024-03-04 17:00:00', '2024-07-07 14:13:51', '2024-07-07 14:13:51', '-5.15', '-5.05', '-3.30', 'ada', 'ada', 'ya', 'tidak', 'tidak', 'non-kek'),
(1254, 'Normal', 'Berat badan sangat kurang', 'Gizi buruk', 'Berikan F75 selama 3 hari, F100 selama 11 hari dan PMT (Pemberian Makanan Tambahan)', '5.10', '64.50', '2024-03-08 17:00:00', '2024-07-07 14:15:05', '2024-07-07 14:15:05', '-3.11', '-1.83', '-3.17', 'ada', 'ada', 'ya', 'tidak', 'ada', 'non-kek'),
(1255, 'Sangat pendek', 'Berat badan sangat kurang', 'Gizi buruk', 'Rujuk ke rumah sakit untuk dilakukan konfirmasi terhadap red flag yang menyebabkan stunting oleh Dokter Spesialis Anak', '5.30', '64.00', '2024-02-29 17:00:00', '2024-07-07 14:16:11', '2024-07-07 14:16:11', '-3.90', '-4.04', '-3.40', 'ada', 'ada', 'ya', 'tidak', 'ada', 'kek'),
(1256, 'Normal', 'Berat badan kurang', 'Gizi buruk', 'Berikan F75 selama 3 hari, F100 selama 11 hari dan PMT (Pemberian Makanan Tambahan)', '6.15', '72.00', '2024-03-06 17:00:00', '2024-07-07 14:19:13', '2024-07-07 14:19:13', '-2.35', '0.21', '-3.06', 'ada', 'ada', 'ya', 'tidak', 'ada', 'belum'),
(1257, 'Normal', 'Berat badan kurang', 'Gizi buruk', 'Berikan F75 selama 3 hari, F100 selama 11 hari dan PMT (Pemberian Makanan Tambahan)', '7.90', '81.00', '2024-03-13 17:00:00', '2024-07-07 14:20:04', '2024-07-07 14:20:04', '-2.18', '0.73', '-3.38', 'ada', 'ada', 'ya', 'tidak', 'ada', 'non-kek'),
(1258, 'Sangat pendek', 'Berat badan sangat kurang', 'Gizi buruk', 'Rujuk ke rumah sakit untuk dilakukan konfirmasi terhadap red flag yang menyebabkan stunting oleh Dokter Spesialis Anak', '6.50', '72.00', '2024-03-06 17:00:00', '2024-07-07 14:20:45', '2024-07-07 14:20:45', '-3.64', '-3.15', '-3.43', 'ada', 'ada', 'ya', 'tidak', 'ada', 'non-kek'),
(1259, 'Normal', 'Berat badan sangat kurang', 'Gizi buruk', 'Berikan F75 selama 3 hari, F100 selama 11 hari dan PMT (Pemberian Makanan Tambahan)', '6.60', '79.00', '2024-03-14 17:00:00', '2024-07-07 14:21:57', '2024-07-07 14:21:57', '-3.36', '-0.04', '-4.63', 'ada', 'ada', 'ya', 'tidak', 'ada', 'belum'),
(1260, 'Normal', 'Berat badan kurang', 'Gizi buruk', 'Berikan F75 selama 3 hari, F100 selama 11 hari dan PMT (Pemberian Makanan Tambahan)', '6.90', '75.00', '2024-03-07 17:00:00', '2024-07-07 14:23:16', '2024-07-07 14:23:16', '-2.45', '-0.93', '-3.14', 'ada', 'ada', 'ya', 'ya', 'ada', 'non-kek'),
(1261, 'Pendek', 'Berat badan sangat kurang', 'Gizi buruk', 'Rujuk ke rumah sakit untuk dilakukan konfirmasi terhadap red flag yang menyebabkan stunting oleh Dokter Spesialis Anak', '6.90', '72.50', '2024-03-07 17:00:00', '2024-07-07 14:24:25', '2024-07-07 14:24:25', '-3.27', '-2.96', '-3.00', 'ada', 'ada', 'ya', 'tidak', 'ada', 'belum'),
(1262, 'Normal', 'Berat badan normal', 'Gizi buruk', 'Berikan F75 selama 3 hari, F100 selama 11 hari dan PMT (Pemberian Makanan Tambahan)', '8.70', '87.00', '2024-03-11 17:00:00', '2024-07-07 14:25:18', '2024-07-07 14:25:18', '-1.64', '2.62', '-3.67', 'ada', 'ada', 'ya', 'tidak', 'ada', 'belum'),
(1263, 'Pendek', 'Berat badan sangat kurang', 'Gizi kurang', 'Rujuk ke rumah sakit untuk dilakukan konfirmasi terhadap red flag yang menyebabkan stunting oleh Dokter Spesialis Anak', '6.50', '72.00', '2024-03-04 17:00:00', '2024-07-07 14:26:34', '2024-07-07 14:26:34', '-3.18', '-2.66', '-2.63', 'ada', 'ada', 'ya', 'tidak', 'tidak', 'kek'),
(1264, 'Normal', 'Berat badan kurang', 'Gizi buruk', 'Berikan F75 selama 3 hari, F100 selama 11 hari dan PMT (Pemberian Makanan Tambahan)', '7.10', '76.00', '2024-03-14 17:00:00', '2024-07-07 14:27:41', '2024-07-07 14:27:41', '-2.10', '1.17', '-3.25', 'ada', 'ada', 'ya', 'tidak', 'ada', 'non-kek'),
(1265, 'Pendek', 'Berat badan sangat kurang', 'Gizi kurang', 'Rujuk ke rumah sakit untuk dilakukan konfirmasi terhadap red flag yang menyebabkan stunting oleh Dokter Spesialis Anak', '6.50', '73.50', '2024-03-14 17:00:00', '2024-07-07 14:28:42', '2024-07-07 14:28:42', '-3.36', '-2.48', '-3.00', 'ada', 'ada', 'ya', 'tidak', 'ada', 'non-kek'),
(1266, 'Normal', 'Berat badan sangat kurang', 'Gizi buruk', 'Berikan F75 selama 3 hari, F100 selama 11 hari dan PMT (Pemberian Makanan Tambahan)', '5.30', '65.00', '2024-03-05 17:00:00', '2024-07-07 14:29:36', '2024-07-07 14:29:36', '-3.25', '-1.24', '-3.33', 'ada', 'ada', 'ya', 'tidak', 'ada', 'non-kek'),
(1267, 'Pendek', 'Berat badan sangat kurang', 'Gizi buruk', 'Rujuk ke rumah sakit untuk dilakukan konfirmasi terhadap red flag yang menyebabkan stunting oleh Dokter Spesialis Anak', '6.00', '70.50', '2024-03-18 17:00:00', '2024-07-07 14:30:46', '2024-07-07 14:30:46', '-3.27', '-2.59', '-3.29', 'ada', 'ada', 'ya', 'tidak', 'tidak', 'kek'),
(1268, 'Normal', 'Berat badan kurang', 'Gizi buruk', 'Berikan F75 selama 3 hari, F100 selama 11 hari dan PMT (Pemberian Makanan Tambahan)', '8.90', '89.00', '2024-03-17 17:00:00', '2024-07-07 14:31:35', '2024-07-07 14:31:35', '-2.17', '1.34', '-3.60', 'ada', 'ada', 'ya', 'tidak', 'ada', 'belum'),
(1269, 'Tinggi', 'Berat badan normal', 'Gizi buruk', 'Berikan F75 selama 3 hari, F100 selama 11 hari dan PMT (Pemberian Makanan Tambahan)', '9.40', '94.00', '2024-03-06 17:00:00', '2024-07-07 14:32:52', '2024-07-07 14:32:52', '-1.15', '3.43', '-3.42', 'ada', 'ada', 'ya', 'belum', 'tidak', 'non-kek'),
(1270, 'Pendek', 'Berat badan sangat kurang', 'Gizi buruk', 'Rujuk ke rumah sakit untuk dilakukan konfirmasi terhadap red flag yang menyebabkan stunting oleh Dokter Spesialis Anak', '7.35', '78.50', '2024-03-08 17:00:00', '2024-07-07 14:33:39', '2024-07-07 14:33:39', '-3.46', '-2.36', '-3.56', 'ada', 'ada', 'ya', 'tidak', 'tidak', 'non-kek'),
(1271, 'Pendek', 'Berat badan sangat kurang', 'Gizi buruk', 'Rujuk ke rumah sakit untuk dilakukan konfirmasi terhadap red flag yang menyebabkan stunting oleh Dokter Spesialis Anak', '6.30', '74.00', '2024-03-12 17:00:00', '2024-07-07 14:34:17', '2024-07-07 14:34:17', '-3.42', '-2.66', '-3.38', 'ada', 'ada', 'ya', 'tidak', 'ada', 'non-kek'),
(1285, 'Tinggi', 'Berat badan normal', 'Gizi buruk', 'Berikan F75 selama 3 hari, F100 selama 11 hari dan PMT (Pemberian Makanan Tambahan)', '7.00', '76.00', '2024-05-16 17:00:00', '2024-07-21 20:00:01', '2024-07-21 20:00:01', '0.00', '5.76', '-3.38', 'belum', 'belum', 'belum', 'belum', 'ada', 'non-kek');

-- --------------------------------------------------------

--
-- Table structure for table `users`
--

CREATE TABLE `users` (
  `id` bigint(20) UNSIGNED NOT NULL,
  `name` varchar(255) COLLATE utf8mb4_unicode_ci NOT NULL,
  `email` varchar(255) COLLATE utf8mb4_unicode_ci NOT NULL,
  `email_verified_at` timestamp NULL DEFAULT NULL,
  `password` varchar(255) COLLATE utf8mb4_unicode_ci NOT NULL,
  `remember_token` varchar(100) COLLATE utf8mb4_unicode_ci DEFAULT NULL,
  `created_at` timestamp NULL DEFAULT NULL,
  `updated_at` timestamp NULL DEFAULT NULL
) ENGINE=InnoDB DEFAULT CHARSET=utf8mb4 COLLATE=utf8mb4_unicode_ci;

--
-- Dumping data for table `users`
--

INSERT INTO `users` (`id`, `name`, `email`, `email_verified_at`, `password`, `remember_token`, `created_at`, `updated_at`) VALUES
(1, 'John Doe', 'john@gmail.com', '2024-03-30 12:55:13', '$2y$10$2/dQc4BKMxzRWcOTBbB1OuRkNjoZ4nIMUr7R8OrKZl6Pkeh.LagXK', 'bq7V4C6vBatEthnsWJzYfwdYmTCxS5DBayDEXpPBEeg4gdL9FQ7NcF95zJFA', '2024-03-30 12:55:13', '2024-03-30 12:55:13'),
(2, 'Tinky', 'tinky@gmail.com', '2024-03-30 12:55:13', '$2y$10$9maOazejYg7eW9gAgex0AuDtkBvnm4j2g/rlJeAYexhQNvsw7qDoq', 'UgPjm0mlMq', '2024-03-30 12:55:13', '2024-03-30 12:55:13'),
(3, 'Winky', 'winky@gmail.com', '2024-03-30 12:55:13', '$2y$10$..m.mTMjaaxlKVxFmVMepeLl0WiNlott1BLH4Ch2dgJXdEASDPrSq', 'i74qEFK4yi', '2024-03-30 12:55:13', '2024-03-30 12:55:13'),
(4, 'dipsy', 'dipsylalapoo@gmail.com', NULL, '$2y$10$O2MyL9dkvncyYr/.6jtiSeV.PBL4s6aL0zofx7ScEonBr8UzXltmC', NULL, '2024-03-31 11:00:12', '2024-03-31 11:00:12'),
(5, 'dida', 'dida@gmail.com', NULL, '$2y$10$F5dNp/ugBChywPIcXgKlO.jVOR4GQaR0ukzDIjdz0Ld0e3451Kurq', NULL, '2024-04-01 10:52:27', '2024-04-01 10:52:27'),
(6, 'Deep Sea', 'Deep@gmail.com', '2024-07-08 08:47:52', '$2y$10$q46p0e3pgpWKU7Y3mKxzre7wW/yMtQbUHO6XqMzr9hph1HAs9xidO', 'uIPPJVRfx9IfaHtNHsxBZCjWxWHdVr2OTTWpTCKMCPvF8N5Wd0froaREqX0m', '2024-07-08 08:47:52', '2024-07-08 08:47:52'),
(7, 'Jhon Thor', 'Jhonthor@gmail.com', '2024-07-15 09:02:51', '$2y$10$gYA2Q4t.R.Ls.z0cAFBoC.PCyMdlZXrtcf/85A/3Gm06KybIsEOm2', 'VDn80nDFcR', '2024-07-15 09:02:51', '2024-07-15 09:02:51'),
(8, 'Admin', 'admin@gmail.com', '2024-07-18 08:54:29', '$2y$10$.4dI6pCdq24FR6AIyYY2nOQ7.U8amAIIYPISm68luNr2GdrmqwO9m', 'B3KNv2qYhjxUgzay3W9BHqNYWQQSfLeJXMX0MuDaPIhgmERQzuV7sVrM6EFw', '2024-07-18 08:54:29', '2024-07-18 08:54:29');

--
-- Indexes for dumped tables
--

--
-- Indexes for table `anak`
--
ALTER TABLE `anak`
  ADD PRIMARY KEY (`id`);

--
-- Indexes for table `migrations`
--
ALTER TABLE `migrations`
  ADD PRIMARY KEY (`id`);

--
-- Indexes for table `password_resets`
--
ALTER TABLE `password_resets`
  ADD PRIMARY KEY (`email`);

--
-- Indexes for table `personal_access_tokens`
--
ALTER TABLE `personal_access_tokens`
  ADD PRIMARY KEY (`id`),
  ADD UNIQUE KEY `personal_access_tokens_token_unique` (`token`),
  ADD KEY `personal_access_tokens_tokenable_type_tokenable_id_index` (`tokenable_type`,`tokenable_id`);

--
-- Indexes for table `status_gizi`
--
ALTER TABLE `status_gizi`
  ADD KEY `status_gizi_anak_id_foreign` (`anak_id`);

--
-- Indexes for table `users`
--
ALTER TABLE `users`
  ADD PRIMARY KEY (`id`),
  ADD UNIQUE KEY `users_email_unique` (`email`);

--
-- AUTO_INCREMENT for dumped tables
--

--
-- AUTO_INCREMENT for table `anak`
--
ALTER TABLE `anak`
  MODIFY `id` bigint(20) UNSIGNED NOT NULL AUTO_INCREMENT, AUTO_INCREMENT=1286;

--
-- AUTO_INCREMENT for table `migrations`
--
ALTER TABLE `migrations`
  MODIFY `id` int(10) UNSIGNED NOT NULL AUTO_INCREMENT, AUTO_INCREMENT=39;

--
-- AUTO_INCREMENT for table `personal_access_tokens`
--
ALTER TABLE `personal_access_tokens`
  MODIFY `id` bigint(20) UNSIGNED NOT NULL AUTO_INCREMENT;

--
-- AUTO_INCREMENT for table `users`
--
ALTER TABLE `users`
  MODIFY `id` bigint(20) UNSIGNED NOT NULL AUTO_INCREMENT, AUTO_INCREMENT=9;

--
-- Constraints for dumped tables
--

--
-- Constraints for table `status_gizi`
--
ALTER TABLE `status_gizi`
  ADD CONSTRAINT `status_gizi_anak_id_foreign` FOREIGN KEY (`anak_id`) REFERENCES `anak` (`id`) ON DELETE CASCADE;
COMMIT;

/*!40101 SET CHARACTER_SET_CLIENT=@OLD_CHARACTER_SET_CLIENT */;
/*!40101 SET CHARACTER_SET_RESULTS=@OLD_CHARACTER_SET_RESULTS */;
/*!40101 SET COLLATION_CONNECTION=@OLD_COLLATION_CONNECTION */;
